{
  "IcoMoonType": "selection",
  "icons": [
    {
      "icon": {
        "paths": [
          "M512 32l-480 480h288v512h384v-512h288z"
        ],
        "attrs": [],
        "isMulticolor": false,
        "isMulticolor2": false,
        "tags": [
          "arrow-up",
          "up",
          "upload",
          "top"
        ],
        "defaultCode": 59954,
        "grid": 16
      },
      "attrs": [],
      "properties": {
        "ligatures": "arrow-up, up",
        "name": "arrow-up",
        "id": 306,
        "order": 19,
        "prevSize": 32,
        "code": 59954
      },
      "setIdx": 0,
      "setId": 6,
      "iconIdx": 306
    },
    {
      "icon": {
        "paths": [
          "M512 992l480-480h-288v-512h-384v512h-288z"
        ],
        "attrs": [],
        "isMulticolor": false,
        "isMulticolor2": false,
        "tags": [
          "arrow-down",
          "down",
          "download",
          "bottom"
        ],
        "defaultCode": 59958,
        "grid": 16
      },
      "attrs": [],
      "properties": {
        "ligatures": "arrow-down, down",
        "name": "arrow-down",
        "id": 310,
        "order": 20,
        "prevSize": 32,
        "code": 59958
      },
      "setIdx": 0,
      "setId": 6,
      "iconIdx": 310
    },
    {
      "icon": {
        "paths": [
          "M325.8 457.4v111.8h184.8c-7.4 48-55.8 140.6-184.8 140.6-111.2 0-202-92.2-202-205.8s90.8-205.8 202-205.8c63.4 0 105.6 27 129.8 50.2l88.4-85.2c-56.8-53-130.4-85.2-218.2-85.2-180.2 0.2-325.8 145.8-325.8 326s145.6 325.8 325.8 325.8c188 0 312.8-132.2 312.8-318.4 0-21.4-2.4-37.8-5.2-54h-307.6z",
          "M1024 448h-96v-96h-96v96h-96v96h96v96h96v-96h96z"
        ],
        "attrs": [],
        "isMulticolor": false,
        "isMulticolor2": false,
        "tags": [
          "google-plus",
          "brand",
          "social"
        ],
        "defaultCode": 60043,
        "grid": 16
      },
      "attrs": [],
      "properties": {
        "ligatures": "google-plus, brand5",
        "name": "google-plus",
        "id": 395,
        "order": 22,
        "prevSize": 32,
        "code": 60043
      },
      "setIdx": 0,
      "setId": 6,
      "iconIdx": 395
    },
    {
      "icon": {
        "paths": [
          "M928 0h-832c-52.8 0-96 43.2-96 96v832c0 52.8 43.2 96 96 96h416v-448h-128v-128h128v-64c0-105.8 86.2-192 192-192h128v128h-128c-35.2 0-64 28.8-64 64v64h192l-32 128h-160v448h288c52.8 0 96-43.2 96-96v-832c0-52.8-43.2-96-96-96z"
        ],
        "attrs": [],
        "isMulticolor": false,
        "isMulticolor2": false,
        "tags": [
          "facebook",
          "brand",
          "social"
        ],
        "defaultCode": 60049,
        "grid": 16
      },
      "attrs": [],
      "properties": {
        "ligatures": "facebook2, brand11",
        "name": "facebook2",
        "id": 401,
        "order": 21,
        "prevSize": 32,
        "code": 60049
      },
      "setIdx": 0,
      "setId": 6,
      "iconIdx": 401
    },
    {
      "icon": {
        "paths": [
          "M1095.429 297.143c8.571 23.429-18.286 78.286-85.714 168-110.857 147.429-122.857 133.714-31.429 218.857 88 81.714 106.286 121.143 109.143 126.286 0 0 36.571 64-40.571 64.571l-146.286 2.286c-31.429 6.286-73.143-22.286-73.143-22.286-54.857-37.714-106.286-135.429-146.286-122.857 0 0-41.143 13.143-40 101.143 0.571 18.857-8.571 29.143-8.571 29.143s-10.286 10.857-30.286 12.571h-65.714c-144.571 9.143-272-124-272-124s-139.429-144-261.714-431.429c-8-18.857 0.571-28 0.571-28s8.571-10.857 32.571-10.857l156.571-1.143c14.857 2.286 25.143 10.286 25.143 10.286s9.143 6.286 13.714 18.286c25.714 64 58.857 122.286 58.857 122.286 57.143 117.714 96 137.714 118.286 125.714 0 0 29.143-17.714 22.857-160-2.286-51.429-16.571-74.857-16.571-74.857-13.143-17.714-37.714-22.857-48.571-24.571-8.571-1.143 5.714-21.714 24.571-30.857 28-13.714 77.714-14.286 136.571-13.714 46.286 0.571 59.429 3.429 77.143 7.429 54.286 13.143 36 63.429 36 184.571 0 38.857-7.429 93.143 20.571 110.857 12 8 41.714 1.143 114.857-123.429 0 0 34.286-59.429 61.143-128.571 4.571-12.571 14.286-17.714 14.286-17.714s9.143-5.143 21.714-3.429l164.571-1.143c49.714-6.286 57.714 16.571 57.714 16.571z"
        ],
        "width": 1118.8662857142856,
        "attrs": [],
        "isMulticolor": false,
        "isMulticolor2": false,
        "tags": [
          "vk"
        ],
        "defaultCode": 61833,
        "grid": 14
      },
      "attrs": [],
      "properties": {
        "name": "vk",
        "id": 355,
        "order": 18,
        "prevSize": 28,
        "code": 61833
      },
      "setIdx": 1,
      "setId": 5,
      "iconIdx": 355
    },
    {
      "icon": {
        "paths": [
          "M665.735 0c-197.55 0-358.265 160.715-358.265 358.265 0 86.742 30.999 166.367 82.48 228.415l-380.137 380.137c-13.080 13.080-13.080 34.29 0 47.369 6.54 6.54 15.114 9.805 23.689 9.805s17.141-3.274 23.689-9.805l380.128-380.137c62.048 51.481 141.673 82.48 228.407 82.48 197.55 0 358.265-160.715 358.265-358.265s-160.715-358.265-358.256-358.265zM665.735 649.541c-160.606 0-291.276-130.662-291.276-291.276s130.662-291.276 291.276-291.276c160.614 0 291.276 130.662 291.276 291.276s-130.67 291.276-291.276 291.276z"
        ],
        "attrs": [
          {}
        ],
        "isMulticolor": false,
        "isMulticolor2": false,
        "grid": 0,
        "tags": [
          "search"
        ]
      },
      "attrs": [
        {}
      ],
      "properties": {
        "order": 11,
        "id": 0,
        "name": "search",
        "prevSize": 32,
        "code": 59648
      },
      "setIdx": 2,
      "setId": 4,
      "iconIdx": 0
    },
    {
      "icon": {
        "paths": [
          "M512.026 25.6c-268.262 0-486.426 218.189-486.426 486.4s218.163 486.4 486.426 486.4c268.186 0 486.374-218.189 486.374-486.4s-218.189-486.4-486.374-486.4zM199.654 838.451c-86.067-82.381-139.853-198.144-139.853-326.451 0-2.714 0.179-5.325 0.179-7.987l126.003 43.341 88.090 227.098-74.419 64zM302.797 171.264l228.659-82.278 163.738 152.73-134.63 192.563-250.163-47.539-7.603-215.475zM814.029 848.179c-9.446 8.474-19.251 16.538-29.389 24.243l-188.032 80.333-123.136-128.307 159.898-179.866 213.453 26.24-32.794 177.357zM874.214 241.664c56.499 75.443 89.933 169.062 89.933 270.336 0 2.688-0.128 5.402-0.154 8.115l-25.523-6.477-76.877-216.883 12.621-55.091z"
        ],
        "attrs": [
          {}
        ],
        "isMulticolor": false,
        "isMulticolor2": false,
        "grid": 0,
        "tags": [
          "ball"
        ]
      },
      "attrs": [
        {}
      ],
      "properties": {
        "order": 16,
        "id": 6,
        "name": "ball",
        "prevSize": 32,
        "code": 59658
      },
      "setIdx": 3,
      "setId": 3,
      "iconIdx": 0
    },
    {
      "icon": {
        "paths": [
          "M392.525 815.821h-307.2c-9.421 0-17.075 7.501-17.075 16.87 0 9.267 7.629 16.896 17.075 16.896h307.2c9.421 0 17.050-7.629 17.050-16.896 0.026-9.37-7.603-16.87-17.050-16.87zM51.174 646.989h136.525c9.421 0 17.101-7.603 17.101-16.87 0-9.293-7.68-16.896-17.101-16.896h-136.525c-9.395 0-17.050 7.603-17.050 16.896s7.654 16.87 17.050 16.87zM307.174 731.341c0-9.267-7.629-16.794-17.050-16.794h-273.075c-9.421-0-17.050 7.526-17.050 16.794 0 9.421 7.629 16.896 17.050 16.896h273.075c9.421 0.026 17.050-7.45 17.050-16.896zM870.349 748.262h-102.349c-9.37 0-17.075 7.578-17.075 16.896 0 9.267 7.706 16.896 17.075 16.896h102.349c62.362 0 110.464 42.547 118.298 101.222h-281.83l-546.176-540.134 257.664-254.746c14.106 44.442 46.643 130.867 98.688 182.298 58.266 57.702 159.565 69.453 199.834 71.885v135.629h-40.371c-5.837-10.035-16.717-16.845-29.338-16.845-18.816 0-34.099 15.13-34.099 33.741 0 18.637 15.283 33.792 34.099 33.792 12.621 0 23.526-6.861 29.338-16.896h40.371v101.248h-40.371c-5.837-10.061-16.717-16.896-29.338-16.896-18.816 0-34.099 15.232-34.099 33.792 0 18.662 15.283 33.766 34.099 33.766 12.621 0 23.526-6.861 29.338-16.896h40.371v16.896c0 4.429 1.818 8.806 4.992 11.93l34.099 33.792c6.733 6.554 17.434 6.554 24.141 0 6.682-6.656 6.682-17.357 0-23.91l-29.158-28.826v-330.573c0-9.344-7.654-16.896-17.075-16.896-1.229 0-130.125-0.742-192.691-62.566-64.102-63.386-97.613-193.408-97.946-194.739-1.51-5.862-6.067-10.547-12.006-12.16-5.914-1.587-12.262 0.051-16.614 4.326l-290.074 286.925c0 0-0.026 0-0.026 0.051v0.026l-23.347 23.066c-21.274 21.018-20.634 58.547 1.331 80.256l533.965 528.154c2.304 2.202 22.989 21.862 55.578 21.862h280.832c28.723 0 51.174-22.298 51.174-50.662v-33.792c0-85.171-67.43-151.91-153.651-151.91zM989.85 933.965c0 9.651-7.27 16.845-17.024 16.845h-280.832c-18.662 0-31.36-11.93-31.36-11.93l-534.042-528.102c-8.755-8.73-9.446-24.602-1.306-32.589l11.238-11.162 551.194 545.101c3.123 3.123 7.475 4.915 12.032 4.915h290.099v16.922zM546.15 461.338v202.573c0 9.267 7.654 16.87 17.024 16.87 9.472 0 17.075-7.603 17.075-16.87v-202.573c0-9.318-7.603-16.87-17.075-16.87-9.37-0-17.024 7.552-17.024 16.87zM665.37 407.066c8.422 0 15.693-6.067 16.896-14.49 1.382-9.19-5.12-17.741-14.413-19.098-113.997-16.154-211.302-87.603-260.326-191.104-3.994-8.448-14.106-12.032-22.656-8.090-8.525 3.917-12.262 14.003-8.243 22.4 53.939 113.818 161.050 192.41 286.413 210.227 0.794 0.102 1.613 0.154 2.33 0.154z"
        ],
        "attrs": [
          {}
        ],
        "isMulticolor": false,
        "isMulticolor2": false,
        "grid": 0,
        "tags": [
          "goalscorer"
        ]
      },
      "attrs": [
        {}
      ],
      "properties": {
        "order": 14,
        "id": 5,
        "name": "goalscorer",
        "prevSize": 32,
        "code": 59656
      },
      "setIdx": 3,
      "setId": 3,
      "iconIdx": 1
    },
    {
      "icon": {
        "paths": [
          "M238.925 682.701c0-9.472-7.654-17.075-17.075-17.075s-17.050 7.603-17.050 17.075c-9.421 0-17.075 7.603-17.075 17.024s7.654 17.075 17.075 17.075c0 9.421 7.629 17.050 17.050 17.050s17.075-7.629 17.075-17.050c9.421 0 17.075-7.654 17.075-17.075s-7.654-17.024-17.075-17.024zM85.325 614.374h-17.050v-17.024c0-9.421-7.654-17.075-17.075-17.075s-17.075 7.654-17.075 17.075v17.024h-17.050c-9.421 0-17.075 7.68-17.075 17.075 0 9.421 7.654 17.101 17.075 17.101h17.075v17.075c0 9.37 7.629 17.075 17.050 17.075s17.075-7.706 17.075-17.075v-17.075h17.050c9.421 0 17.075-7.68 17.075-17.101 0-9.395-7.654-17.075-17.075-17.075zM836.224 375.475c1.408 0 2.765-0.154 4.198-0.512 74.342-18.586 115.302-66.893 115.302-136.038v-119.45c0-28.237-22.938-51.2-51.174-51.2h-34.176c-9.37 0-17.075 7.654-17.075 17.075 0 9.395 7.706 17.050 17.075 17.050h34.176c9.37 0 17.075 7.654 17.075 17.075v119.475c0 53.427-30.157 88.064-89.498 102.938-9.114 2.278-14.694 11.546-12.416 20.685 1.946 7.731 8.909 12.902 16.512 12.902zM596.275 921.626h-169.6c-9.421 0-17.075 7.603-17.075 17.075 0 9.37 7.654 17.024 17.075 17.024h169.6c9.421 0 17.075-7.654 17.075-17.024-0-9.472-7.654-17.075-17.075-17.075zM204.288 362.547c2.278-9.139-3.251-18.406-12.39-20.685-59.392-14.874-89.498-49.51-89.498-102.938v-119.45c0-9.421 7.654-17.075 17.075-17.075h34.125c9.421 0 17.075-7.654 17.075-17.050 0-9.421-7.654-17.075-17.075-17.075h-34.125c-28.237 0-51.2 22.938-51.2 51.2v119.475c0 69.12 40.96 117.453 115.302 136.013 1.408 0.358 2.79 0.512 4.173 0.512 7.654 0 14.592-5.171 16.538-12.928zM716.288 866.227c-1.92-7.578-8.755-12.928-16.563-12.928h-377.6c-7.859 0-14.669 5.35-16.563 12.928l-34.125 136.55c-1.28 5.094-0.128 10.522 3.123 14.643 3.226 4.147 8.166 6.579 13.44 6.579h445.85c5.274 0 10.214-2.432 13.44-6.579 3.251-4.122 4.403-9.549 3.123-14.643l-34.125-136.55zM309.862 989.85l25.6-102.4h350.925l25.626 102.4h-402.15zM904.55 785.075h-17.101v-17.075c0-9.421-7.603-17.075-17.075-17.075-9.37 0-17.075 7.654-17.075 17.075v17.075h-17.024c-9.421 0-17.050 7.629-17.050 17.075 0 9.395 7.629 17.050 17.050 17.050h17.024v17.075c0 9.421 7.706 17.024 17.075 17.024 9.472 0 17.075-7.603 17.075-17.024v-17.075h17.101c9.395 0 17.075-7.654 17.075-17.050-0-9.446-7.68-17.075-17.075-17.075zM1006.925 443.725h-34.125v-34.125c0-9.421-7.654-17.075-17.075-17.075s-17.024 7.654-17.024 17.075v34.125h-34.15c-9.421 0-17.101 7.654-17.101 17.075s7.68 17.050 17.101 17.050h34.15v34.15c0 9.421 7.603 17.075 17.024 17.075s17.075-7.654 17.075-17.075v-34.125h34.125c9.421 0 17.075-7.654 17.075-17.075s-7.654-17.075-17.075-17.075zM802.15 0h-580.275c-9.446 0-17.075 7.654-17.075 17.075v68.275c0 206.438 34.458 277.76 35.507 279.757 19.43 45.338 47.974 76.621 75.546 106.88 48.23 52.838 93.747 102.733 93.747 227.738 0 0.486-0.384 46.566-31.283 92.928-5.222 7.885-3.098 18.483 4.736 23.706 7.834 5.197 18.432 3.098 23.654-4.736 36.608-54.912 36.992-109.568 36.992-111.898 0-138.163-52.198-195.405-102.63-250.726-26.88-29.466-52.25-57.267-69.786-98.125-0.333-0.666-32.384-69.248-32.384-265.549v-51.2h546.125v51.2c0 196.275-32.077 264.858-32.768 266.317-17.152 40.038-42.522 67.866-69.376 97.331-50.483 55.322-102.656 112.538-102.656 250.726 0 2.33 0.435 57.011 36.992 111.898 3.328 4.941 8.73 7.603 14.234 7.603 3.277 0 6.554-0.922 9.472-2.893 7.859-5.171 9.958-15.77 4.736-23.654-30.592-45.926-31.283-92.493-31.283-92.928 0-125.005 45.542-174.899 93.773-227.738 27.546-30.285 56.064-61.542 75.136-105.958 1.434-2.918 35.917-74.24 35.917-280.704v-68.25c0-9.421-7.654-17.075-17.050-17.075zM432.333 354.048c3.2 2.893 7.27 4.352 11.392 4.352 2.714 0 5.427-0.666 7.936-1.946l61.568-32.307 58.854 32.154c6.221 3.379 13.85 2.586 19.226-1.971 5.402-4.582 7.398-12.006 5.043-18.662l-20.659-58.624 49.741-42.163c5.478-4.659 7.424-12.186 4.966-18.918-2.483-6.682-8.858-11.162-16.026-11.162h-60.442l-26.368-58.24c-2.79-6.118-8.883-10.035-15.565-10.035h-0.026c-6.733 0.026-12.8 3.968-15.565 10.086l-26.035 58.189h-60.774c-7.245 0-13.696 4.582-16.102 11.418s-0.205 14.438 5.453 18.97l51.994 41.6-23.091 58.291c-2.586 6.605-0.819 14.157 4.48 18.97zM481.434 238.925v0c6.733 0 12.826-3.917 15.59-10.086l15.053-33.69 15.309 33.766c2.739 6.118 8.858 10.010 15.539 10.010h25.011l-23.219 19.712c-5.402 4.557-7.424 11.981-5.069 18.662l9.754 27.725-27.776-15.206c-2.56-1.382-5.376-2.099-8.192-2.099-2.714 0-5.427 0.64-7.936 1.946l-28.954 15.181 10.829-27.29c2.739-6.963 0.614-14.925-5.248-19.61l-23.808-19.046h23.117z"
        ],
        "attrs": [
          {}
        ],
        "isMulticolor": false,
        "isMulticolor2": false,
        "grid": 0,
        "tags": [
          "winner"
        ]
      },
      "attrs": [
        {}
      ],
      "properties": {
        "order": 15,
        "id": 4,
        "name": "winner",
        "prevSize": 32,
        "code": 59657
      },
      "setIdx": 3,
      "setId": 3,
      "iconIdx": 2
    },
    {
      "icon": {
        "paths": [
          "M13.056 450.458h748.8v-184.55l249.6 246.093-249.6 246.067v-184.55h-748.8v-123.059z"
        ],
        "attrs": [
          {}
        ],
        "isMulticolor": false,
        "isMulticolor2": false,
        "grid": 0,
        "tags": [
          "arrow"
        ]
      },
      "attrs": [
        {}
      ],
      "properties": {
        "order": 4,
        "id": 3,
        "name": "arrow",
        "prevSize": 32,
        "code": 59649
      },
      "setIdx": 3,
      "setId": 3,
      "iconIdx": 3
    },
    {
      "icon": {
        "paths": [
          "M813.747 178.048h-162.534c-19.2 0-40.653 25.242-40.653 59.059v117.35h203.187v167.245h-203.187v502.298h-191.821v-502.298h-173.901v-167.245h173.901v-98.458c0-141.158 97.997-256 232.474-256h162.534v178.048z"
        ],
        "attrs": [
          {}
        ],
        "isMulticolor": false,
        "isMulticolor2": false,
        "grid": 0,
        "tags": [
          "facebook"
        ]
      },
      "attrs": [
        {}
      ],
      "properties": {
        "order": 5,
        "id": 2,
        "name": "facebook",
        "prevSize": 32,
        "code": 59650
      },
      "setIdx": 3,
      "setId": 3,
      "iconIdx": 4
    },
    {
      "icon": {
        "paths": [
          "M54.349 259.942c0 85.325 28.493 146.944 84.71 183.142 45.978 29.645 99.405 34.074 127.181 34.074 6.733 0 12.134-0.256 15.898-0.512 0 0-8.806 57.344 33.69 114.074l-1.92-0.026c-73.677 0-313.907 15.411-313.907 212.89 0 200.96 220.646 211.174 264.909 211.174 3.456 0 5.478-0.077 5.478-0.077 0.512 0 3.686 0.128 9.062 0.128 28.416 0 101.837-3.584 170.035-36.736 88.448-42.931 133.325-117.606 133.325-221.978 0-100.813-68.352-160.845-118.272-204.723-30.464-26.726-56.781-49.792-56.781-72.243 0-22.861 19.226-40.038 43.52-61.824 39.373-35.2 76.442-85.325 76.442-180.045 0-83.277-10.778-139.162-77.312-174.618 6.938-3.558 31.462-6.144 43.597-7.834 36.045-4.915 88.781-10.522 88.781-39.962v-5.658h-262.758c-2.637 0.077-265.677 9.83-265.677 250.752zM478.464 774.912c5.018 80.384-63.718 139.674-166.938 147.174-104.832 7.654-191.13-39.552-196.173-119.808-2.432-38.554 14.541-76.339 47.718-106.445 33.664-30.49 79.898-49.306 130.176-53.018 5.914-0.358 11.827-0.589 17.69-0.589 97.075-0.026 162.79 56.986 167.526 132.685zM409.856 204.954c25.779 90.675-13.133 185.446-75.162 202.931-7.117 1.997-14.49 3.021-21.965 3.021-56.832 0-113.126-57.498-133.99-136.653-11.648-44.493-10.701-83.379 2.662-120.781 13.158-36.762 36.736-61.619 66.458-69.965 7.142-2.022 14.541-3.046 21.965-3.046 68.634 0 112.717 28.442 140.032 124.493zM852.582 402.432v-171.443h-108.544v171.418h-171.392v108.544h171.392v171.392h108.544v-171.366h171.418v-108.544h-171.418z"
        ],
        "attrs": [
          {}
        ],
        "isMulticolor": false,
        "isMulticolor2": false,
        "grid": 0,
        "tags": [
          "google"
        ]
      },
      "attrs": [
        {}
      ],
      "properties": {
        "order": 6,
        "id": 1,
        "name": "google",
        "prevSize": 32,
        "code": 59651
      },
      "setIdx": 3,
      "setId": 3,
      "iconIdx": 5
    },
    {
      "icon": {
        "paths": [
          "M1024 212.915c-37.709 16.717-78.182 28.006-120.678 33.075 43.392-26.010 76.698-67.174 92.39-116.224-40.627 24.064-85.581 41.549-133.427 50.97-38.323-40.832-92.928-66.33-153.344-66.33-116.019 0-210.074 94.054-210.074 210.074 0 16.486 1.843 32.512 5.427 47.872-174.592-8.755-329.421-92.39-433.024-219.494-18.099 31.027-28.467 67.123-28.467 105.6 0 72.883 37.094 137.165 93.466 174.874-34.406-1.075-66.816-10.522-95.155-26.266 0 0.87 0 1.741 0 2.637 0 101.786 72.422 186.701 168.525 206.003-17.613 4.813-36.173 7.373-55.347 7.373-13.517 0-26.675-1.331-39.526-3.763 26.726 83.456 104.346 144.205 196.275 145.894-71.91 56.346-162.483 89.958-260.915 89.958-16.973 0-33.664-0.998-50.125-2.97 92.954 59.622 203.366 94.413 322.048 94.413 386.406 0 597.734-320.154 597.734-597.786 0-9.088-0.205-18.15-0.589-27.187 41.037-29.568 76.621-66.586 104.806-108.723z"
        ],
        "attrs": [
          {}
        ],
        "isMulticolor": false,
        "isMulticolor2": false,
        "grid": 0,
        "tags": [
          "twitter"
        ]
      },
      "attrs": [
        {}
      ],
      "properties": {
        "order": 7,
        "id": 0,
        "name": "twitter",
        "prevSize": 32,
        "code": 59652
      },
      "setIdx": 3,
      "setId": 3,
      "iconIdx": 6
    },
    {
      "icon": {
        "paths": [
          "M512 1010.586c-277.094 0-501.76-223.232-501.76-498.586s224.666-498.586 501.76-498.586c277.094 0 501.76 223.232 501.76 498.586s-224.666 498.586-501.76 498.586zM512 106.906c-225.178 0-407.654 181.35-407.654 405.094s182.477 405.094 407.654 405.094 407.654-181.35 407.654-405.094c0-223.744-182.579-405.094-407.654-405.094zM715.776 558.797h-203.878c-26.010 0-47.002-20.89-47.002-46.797v-280.474c0-25.805 20.992-46.797 47.002-46.797s47.104 20.89 47.104 46.797v233.779h156.774c26.010 0 47.002 20.89 47.002 46.694 0.102 25.805-20.992 46.797-47.002 46.797z"
        ],
        "attrs": [
          {}
        ],
        "isMulticolor": false,
        "isMulticolor2": false,
        "grid": 0,
        "tags": [
          "clock"
        ]
      },
      "attrs": [
        {}
      ],
      "properties": {
        "order": 8,
        "id": 2,
        "name": "clock",
        "prevSize": 32,
        "code": 59653
      },
      "setIdx": 4,
      "setId": 2,
      "iconIdx": 0
    },
    {
      "icon": {
        "paths": [
          "M787.251 930.714l-93.594-135.578h-605.184c-43.213 0-78.234-35.021-78.234-78.234v-545.382c0-43.213 35.021-78.234 78.234-78.234h847.053c43.008 0 78.234 35.021 78.234 78.234v545.69c0 43.213-35.021 78.234-78.234 78.234h-50.278l-97.997 135.27zM88.474 147.046c-13.414 0-24.474 10.957-24.474 24.474v545.69c0 13.414 10.957 24.474 24.474 24.474h633.446l66.355 96.154 69.53-96.154h77.722c13.414 0 24.474-10.957 24.474-24.474v-545.69c0-13.414-10.957-24.474-24.474-24.474h-847.053z"
        ],
        "attrs": [
          {}
        ],
        "isMulticolor": false,
        "isMulticolor2": false,
        "grid": 0,
        "tags": [
          "comment"
        ]
      },
      "attrs": [
        {}
      ],
      "properties": {
        "order": 9,
        "id": 1,
        "name": "comment",
        "prevSize": 32,
        "code": 59654
      },
      "setIdx": 4,
      "setId": 2,
      "iconIdx": 1
    },
    {
      "icon": {
        "paths": [
          "M512 512c138.547 0 250.88-112.333 250.88-250.88s-112.333-250.88-250.88-250.88-250.88 112.333-250.88 250.88 112.333 250.88 250.88 250.88zM512 110.592c82.944 0 150.528 67.584 150.528 150.528s-67.584 150.528-150.528 150.528c-82.944 0-150.528-67.584-150.528-150.528s67.584-150.528 150.528-150.528z",
          "M512 662.528c193.638 0 351.232 157.594 351.232 351.232h100.352c0-249.446-202.138-451.584-451.584-451.584s-451.584 202.138-451.584 451.584h100.352c0-193.638 157.594-351.232 351.232-351.232z"
        ],
        "attrs": [
          {},
          {}
        ],
        "isMulticolor": false,
        "isMulticolor2": false,
        "grid": 0,
        "tags": [
          "user"
        ]
      },
      "attrs": [
        {},
        {}
      ],
      "properties": {
        "order": 10,
        "id": 0,
        "name": "user",
        "prevSize": 32,
        "code": 59655
      },
      "setIdx": 4,
      "setId": 2,
      "iconIdx": 2
    }
  ],
  "height": 1024,
  "metadata": {
    "name": "icomoon"
  },
  "preferences": {
    "showGlyphs": true,
    "showQuickUse": true,
    "showQuickUse2": true,
    "showSVGs": true,
    "fontPref": {
      "prefix": "icon-",
      "metadata": {
        "fontFamily": "icomoon"
      },
      "metrics": {
        "emSize": 1024,
        "baseline": 6.25,
        "whitespace": 50
      },
      "embed": false
    },
    "imagePref": {
      "prefix": "icon-",
      "png": true,
      "useClassSelector": true,
      "color": 0,
      "bgColor": 16777215,
      "classSelector": ".icon"
    },
    "historySize": 100,
    "showCodes": true,
    "gridSize": 16
  }
}